c1,c1_context,c2,c2_context,match_type
b&q,,B and Q,,Match
b&q,,B&Q plc,,Match
b&q,,DIY B&Q,,Match
b&q,,B Q,,Match
b&q,,BandQ,,Match
b&q,,B and Q Ltd,,Match
b&q,,B n Q,,Match
telefónica uk,,Telefonica UK,,Match
telefónica uk,,Telefonica,,Match
telefónica uk,,telefonico UK,,Match
telefónica uk,,Telefonica Plc,,Match
telefónica uk,,Telefonica U.K.,,Match
telefónica uk,,Telefônica UK,,Match
telefónica uk,,Telefonika UK,,Match
sabmiller,,SAB Miller,,Match
sabmiller,,SAB-Miller,,Match
sabmiller,,SABM,,Match
sabmiller,,SABMiller plc,,Match
sabmiller,,SABMiller Ltd,,Match
sabmiller,,SABMiler,,Match
sabmiller,,SAB-M,,Match
foster wheeler,,Foster & Wheeler,,Match
foster wheeler,,Foster + Wheeler,,Match
foster wheeler,,Foster Wheeler AG,,Match
foster wheeler,,Foster Wheeler Inc,,Match
foster wheeler,,Foster Whlr,,Match
foster wheeler,,Foster Wheeler Ltd,,Match
foster wheeler,,Frster Wheeler,,Match
barclays wealth and investment management,,Barclays Wealth,,Match
barclays wealth and investment management,,Barclays Wealth & Investment,,Match
barclays wealth and investment management,,Barclays Wealth & Invest.,,Match
barclays wealth and investment management,,Barclays WIM,,Match
barclays wealth and investment management,,Barclays Wealth Mngmnt,,Match
barclays wealth and investment management,,BWIM,,Match
barclays wealth and investment management,,Barclays Wealth & Inv. Mngmnt,,Match
mec,,MEC Ltd,,Match
mec,,MEC Global,,Match
mec,,MEC Worldwide,,Match
mec,,MEC Inc,,Match
mec,,MediaEdge CIA,,Match
mec,,M E C,,Match
mec,,M.E.C,,Match
laing o'rourke,,LOR,,Match
laing o'rourke,,Laing ORourke,,Match
laing o'rourke,,Laing O'Rourke plc,,Match
laing o'rourke,,O'Rourke Laing,,Match
laing o'rourke,,Laing O Rourke,,Match
laing o'rourke,,Laing OR,,Match
laing o'rourke,,Laing O'Rorke,,Match
subsea 7,,Sub-sea 7,,Match
subsea 7,,Subsea Seven,,Match
subsea 7,,Subsea7,,Match
subsea 7,,SubSea7 Inc,,Match
subsea 7,,Subsea,,Match
subsea 7,,Subca 7,,Match
subsea 7,,SSubsea 7,,Match
nhs england,,NHS Eng.,,Match
nhs england,,NHSE,,Match
nhs england,,NHS England PLC,,Match
nhs england,,NHS-England,,Match
nhs england,,N.H.S England,,Match
nhs england,,NHS Enland,,Match
nhs england,,NHS Engand,,Match
edf energy,,EDF,,Match
edf energy,,E.D.F Energy,,Match
edf energy,,EDF Energey,,Match
edf energy,,EDFEnergy,,Match
edf energy,,Energey DF,,Match
edf energy,,EDFE,,Match
edf energy,,E.D.F. Energy,,Match
babcock international group,,Babcock Intl Group,,Match
babcock international group,,Babcock International,,Match
babcock international group,,Babcock Group,,Match
babcock international group,,Babcock I.G.,,Match
babcock international group,,Babcock I.G,,Match
babcock international group,,Babcock Int,,Match
babcock international group,,Babcock Interntl Group,,Match
barclaycard,,Barclay Card,,Match
barclaycard,,Barclaycard PLC,,Match
barclaycard,,Bcard,,Match
barclaycard,,Barclay crd,,Match
barclaycard,,Barclaycd,,Match
barclaycard,,Barclay Crd,,Match
barclaycard,,Barclaycard Ltd,,Match
university of sheffield,,University of Sheffield,,Match
university of sheffield,,university of sheffeld,,Match
university of sheffield,,univ. of sheffield,,Match
university of sheffield,,Uni Sheffield,,Match
university of sheffield,,Sheffield University,,Match
university of sheffield,,UOS,,Match
university of sheffield,,univesity of sheffield,,Match
carillion,,Carillion,,Match
carillion,,carilion,,Match
carillion,,carilion ltd,,Match
carillion,,carillion plc,,Match
carillion,,Carillion Ltd,,Match
carillion,,Carillon,,Match
carillion,,carilln,,Match
three.,,Three.,,Match
three.,,3.,,Match
three.,,three,,Match
three.,,Three UK,,Match
three.,,Three Mobile,,Match
three.,,three dot,,Match
hsbc commercial banking,,HSBC Commercial Banking,,Match
hsbc commercial banking,,HSBC,,Match
hsbc commercial banking,,Hsbc commercial banking,,Match
hsbc commercial banking,,HSBC Comm. Banking,,Match
hsbc commercial banking,,HSBC Bank,,Match
hsbc commercial banking,,HSBC Commercial,,Match
hsbc commercial banking,,H.S.B.C. Commercial Banking,,Match
river island,,River Island,,Match
river island,,RiverIsland,,Match
river island,,River Iland,,Match
river island,,rivr island,,Match
river island,,River,,Match
river island,,rivr islnad,,Match
river island,,River Isalnd,,Match
university of southampton,,University of Southampton,,Match
university of southampton,,university of soton,,Match
university of southampton,,university of southampoton,,Match
university of southampton,,soton university,,Match
university of southampton,,Southampton University,,Match
university of southampton,,Uni Southampton,,Match
university of southampton,,unvsty of sthampton,,Match
millicom,,Millicom,,Match
millicom,,Milicom,,Match
millicom,,millicon,,Match
millicom,,Millicom International,,Match
millicom,,Millicom LLC,,Match
millicom,,millicm,,Match
millicom,,milicomm,,Match
university of bristol,,University of Bristol,,Match
university of bristol,,Bristol University,,Match
university of bristol,,university of bristol,,Match
university of bristol,,univ of bristol,,Match
university of bristol,,Bristol Uni,,Match
university of bristol,,Uni Bristol,,Match
university of bristol,,Univ. Bristol,,Match
home retail group plc,,Home Retail Group PLC,,Match
home retail group plc,,Home Retail Group,,Match
home retail group plc,,home retail grp plc,,Match
home retail group plc,,HRG PLC,,Match
home retail group plc,,HRG,,Match
home retail group plc,,HRG plc,,Match
home retail group plc,,Home Retail Grp PLC,,Match
harrods,,Harrods,,Match
harrods,,Harods,,Match
harrods,,Harrrods,,Match
harrods,,Harrod's,,Match
harrods,,Harrds,,Match
harrods,,Hharrods,,Match
harrods,,Harrold's,,Match
virgin active,,Virgin Active,,Match
virgin active,,VirginAct.,,Match
virgin active,,Virgin Acitve,,Match
virgin active,,Virgin,,Match
virgin active,,Virgin Activ,,Match
virgin active,,V Active,,Match
virgin active,,V.Active,,Match
reed,,Reed,,Match
reed,,reedd,,Match
reed,,Read,,Match
reed,,Reed Ltd,,Match
reed,,Rreed,,Match
reed,,R3ed,,Match
new look,,New Look,,Match
new look,,NewLook,,Match
new look,,newlook,,Match
new look,,Nw Look,,Match
new look,,New-Look,,Match
new look,,new look,,Match
new look,,new lok,,Match
save the children,,Save the Children,,Match
save the children,,Save The Children,,Match
save the children,,Save the children,,Match
save the children,,Save Children,,Match
save the children,,SaveChild,,Match
save the children,,SaveTheChildren,,Match
save the children,,Save The Children Org,,Match
savills,,Savills,,Match
savills,,Savils,,Match
savills,,Savill's,,Match
savills,,Savell's,,Match
savills,,SAVILLS,,Match
savills,,Savils Ltd,,Match
savills,,Savil's,,Match
selfridges,,Selfridges,,Match
selfridges,,Selfridges & Co,,Match
selfridges,,Selfridge,,Match
selfridges,,Selridges,,Match
selfridges,,Selfridegs,,Match
selfridges,,Selfirdges,,Match
selfridges,,Selfridges and Co.,,Match
home office,,Home Office,,Match
home office,,HomeOfc,,Match
home office,,homeofice,,Match
home office,,H Office,,Match
home office,,House Office,,Match
home office,,hm office,,Match
home office,,HmOff,,Match
oxford university press,,Oxford University Press,,Match
oxford university press,,Oxford Uni Press,,Match
oxford university press,,Oxford Univ. Press,,Match
oxford university press,,OUP,,Match
oxford university press,,Ox Univ Press,,Match
oxford university press,,Oxford Univ Press,,Match
oxford university press,,OU Press,,Match
ee,,EE,,Match
ee,,E E,,Match
ee,,E.E.,,Match
ee,,ee,,Match
ee,,EE Mobile,,Match
ee,,eE,,Match
ee,,EE Ltd,,Match
metropolitan police,,Metropolitan Police,,Match
metropolitan police,,Metropolitan police,,Match
metropolitan police,,Met police,,Match
metropolitan police,,Met Police,,Match
metropolitan police,,Met Pol,,Match
metropolitan police,,metpolice,,Match
metropolitan police,,Met. Police,,Match
save the children international,,save the children,,Match
save the children international,,save the children intl,,Match
save the children international,,save the children int'l,,Match
save the children international,,save the children international org,,Match
save the children international,,STC international,,Match
save the children international,,save children international,,Match
save the children international,,save the childs international,,Match
hibu,,hiubu,,Match
hibu,,hibuu,,Match
hibu,,hiboo,,Match
hibu,,hibu plc,,Match
hibu,,hibuu plc,,Match
hibu,,hibu group,,Match
hibu,,ihu,,Match
university of glasgow,,glasgow university,,Match
university of glasgow,,uni of glasgow,,Match
university of glasgow,,univ of glasgow,,Match
university of glasgow,,university glasgow,,Match
university of glasgow,,university of glaskow,,Match
university of glasgow,,university of glassgow,,Match
university of glasgow,,uglasgow,,Match
zenith,,zenith company,,Match
zenith,,zenith co,,Match
zenith,,zenith group,,Match
zenith,,zenith org,,Match
zenith,,zenith corp,,Match
zenith,,zeenth,,Match
zenith,,zenithc,,Match
house of fraser,,house of frasar,,Match
house of fraser,,house of frasor,,Match
house of fraser,,house of frsaser,,Match
house of fraser,,house fraser,,Match
house of fraser,,house frasor,,Match
house of fraser,,house frasar,,Match
house of fraser,,house of faser,,Match
cardiff university,,university of cardiff,,Match
cardiff university,,cardif university,,Match
cardiff university,,uni of cardiff,,Match
cardiff university,,cardiff uni,,Match
cardiff university,,cardiff univ,,Match
cardiff university,,cardif uni,,Match
cardiff university,,cardif univ,,Match
nga human resources,,nga hr,,Match
nga human resources,,nga human resource,,Match
nga human resources,,nga human resorces,,Match
nga human resources,,nga human resourses,,Match
nga human resources,,nga human resourcess,,Match
nga human resources,,nga ressourses,,Match
nga human resources,,nga human resorce,,Match
legal & general,,legal and general,,Match
legal & general,,legal & gen,,Match
legal & general,,legal and gen,,Match
legal & general,,legal + general,,Match
legal & general,,legal + gen,,Match
legal & general,,legal general,,Match
legal & general,,leggal & general,,Match
newcastle university,,university of newcastle,,Match
newcastle university,,newcastle univ,,Match
newcastle university,,newcastle uni,,Match
newcastle university,,uni of newcastle,,Match
newcastle university,,new castle university,,Match
newcastle university,,newcastle unversity,,Match
newcastle university,,newkassel university,,Match
williams lea,,williams lea tag,,Match
williams lea,,william lea,,Match
williams lea,,williams leah,,Match
williams lea,,williams lea corp,,Match
williams lea,,williams leane,,Match
williams lea,,william lea tag,,Match
williams lea,,william leah,,Match
mitie,,miti,,Match
mitie,,mitty,,Match
mitie,,mytie,,Match
mitie,,mitie group,,Match
mitie,,mitty group,,Match
mitie,,mitie plc,,Match
mitie,,mytie group,,Match
clarks,,clark,,Match
clarks,,clars,,Match
clarks,,clarks shoes,,Match
clarks,,clark's,,Match
clarks,,clarks plc,,Match
clarks,,clarks limited,,Match
clarks,,clarks retail,,Match
university of exeter,,exeter university,,Match
university of exeter,,uni of exeter,,Match
university of exeter,,univ of exeter,,Match
university of exeter,,university exter,,Match
university of exeter,,university exetor,,Match
university of exeter,,univ. of exeter,,Match
university of exeter,,u of exeter,,Match
university of warwick,,warwick university,,Match
university of warwick,,uni of warwick,,Match
university of warwick,,univ of warwick,,Match
university of warwick,,university warwick,,Match
university of warwick,,warwick uni,,Match
university of warwick,,warick university,,Match
university of warwick,,warwick univerity,,Match
interserve,,interserve plc,,Match
interserve,,interseve,,Match
interserve,,interserivce,,Match
interserve,,en:interserve,,Match
interserve,,interserve company,,Match
interserve,,internserve,,Match
interserve,,interslve,,Match
santander uk,,santander united kingdom,,Match
santander uk,,santanderu k,,Match
santander uk,,santanderuk,,Match
santander uk,,santander uk plc,,Match
santander uk,,santander u.k.,,Match
santander uk,,santander uk ltd,,Match
santander uk,,santa nder uk,,Match
standard life,,standardlife,,Match
standard life,,standard lyfe,,Match
standard life,,standard lif,,Match
standard life,,standard life plc,,Match
standard life,,standard life limited,,Match
standard life,,stnadard life,,Match
standard life,,standard lief,,Match
kier group,,kier,,Match
kier group,,kier grupe,,Match
kier group,,kier inc,,Match
kier group,,kiergroup,,Match
kier group,,kiergroup plc,,Match
kier group,,cier group,,Match
kier group,,kire group,,Match
erm: environmental resources management,,ERM,,Match
erm: environmental resources management,,ERM management,,Match
erm: environmental resources management,,ERM: Environmental Resources,,Match
erm: environmental resources management,,ERM Environmental Resources Management,,Match
erm: environmental resources management,,ERM resources management,,Match
erm: environmental resources management,,environmental resources management,,Match
erm: environmental resources management,,evironmental resources management,,Match
amnesty international,,amnestyinternational,,Match
amnesty international,,amnesty int,,Match
amnesty international,,amnesty intl,,Match
amnesty international,,amnesty international org,,Match
amnesty international,,amnesty internatinal,,Match
amnesty international,,amnesty intrnational,,Match
amnesty international,,amnesty international inc,,Match
carat,,Carat,,Match
carat,,Karate,,Match
carat,,Carate,,Match
carat,,Caret,,Match
carat,,Carraat,,Match
carat,,Carrot,,Match
carat,,Caratt,,Match
post office,,Post Office,,Match
post office,,PostOffice,,Match
post office,,Post-Office,,Match
post office,,Post Offce,,Match
post office,,Pst Office,,Match
post office,,PostOfice,,Match
post office,,PO,,Match
christie's,,Christie's,,Match
christie's,,Christies,,Match
christie's,,Christees,,Match
christie's,,Christes,,Match
christie's,,Christi's,,Match
christie's,,Chritie's,,Match
christie's,,Christy's,,Match
environment agency,,Environment Agency,,Match
environment agency,,Environmental Agency,,Match
environment agency,,Environ Agency,,Match
environment agency,,Env Agency,,Match
environment agency,,E.A.,,Match
environment agency,,Environment Agncy,,Match
environment agency,,Enviro Agcy,,Match
cancer research uk,,Cancer Research UK,,Match
cancer research uk,,Cancer Research U.K.,,Match
cancer research uk,,Cancer Res UK,,Match
cancer research uk,,CancerRsch UK,,Match
cancer research uk,,CancerRes UK,,Match
cancer research uk,,Cancer Rsch UK,,Match
cancer research uk,,CRUK,,Match
university of liverpool,,University of Liverpool,,Match
university of liverpool,,Univ of Liverpool,,Match
university of liverpool,,University Liverpool,,Match
university of liverpool,,Univ Liverpool,,Match
university of liverpool,,U. Liverpool,,Match
university of liverpool,,University of Liverpol,,Match
university of liverpool,,University of Livrpool,,Match
lloyd's register,,Lloyd's Register,,Match
lloyd's register,,Lloyds Register,,Match
lloyd's register,,Llyod's Register,,Match
lloyd's register,,Lloyds Rgister,,Match
lloyd's register,,Lloyd's Rgister,,Match
lloyd's register,,Lloyd Reg,,Match
lloyd's register,,LR,,Match
carphone warehouse,,Carphone Warehouse,,Match
carphone warehouse,,Carphone WHouse,,Match
carphone warehouse,,Carphne Warehouse,,Match
carphone warehouse,,Carfone Warehouse,,Match
carphone warehouse,,CW Warehouse,,Match
carphone warehouse,,Carphone Warehse,,Match
carphone warehouse,,Carphone Warehou,,Match
dixons retail,,Dixons Retail,,Match
dixons retail,,Dixon's Retail,,Match
dixons retail,,Dixon Retail,,Match
dixons retail,,Dixons Rtail,,Match
dixons retail,,Dxn Retail,,Match
dixons retail,,DixonsRetal,,Match
dixons retail,,Dixn's Retail,,Match
centrica,,Centrica,,Match
centrica,,Centrca,,Match
centrica,,Centrcia,,Match
centrica,,Cintrica,,Match
centrica,,Centralca,,Match
centrica,,Centra,,Match
centrica,,Centric,,Match
house of commons,,House of Commons,,Match
house of commons,,H of Commons,,Match
house of commons,,House o' Commons,,Match
house of commons,,Hse of Commons,,Match
house of commons,,Hse Commons,,Match
house of commons,,House of Comons,,Match
house of commons,,House Commnons,,Match
colt technology services,,Colt Technology Services,,Match
colt technology services,,Colt Tech Services,,Match
colt technology services,,Colt Technology Srvcs,,Match
colt technology services,,ColtTechnology Services,,Match
colt technology services,,Colt Tech Srvcs,,Match
colt technology services,,Colt Tech Srvs,,Match
colt technology services,,COLT,,Match
warner music group,,Warner Music Group,,Match
warner music group,,Warner Music Grp,,Match
warner music group,,WarnerMus Group,,Match
warner music group,,WarnerMus Grp,,Match
warner music group,,WMG,,Match
warner music group,,Warner M Group,,Match
warner music group,,Wrnr Music Group,,Match
rentokil initial,,Rentokil Initial,,Match
rentokil initial,,Rentkil Initial,,Match
rentokil initial,,Rentokil Initl,,Match
rentokil initial,,RK Initial,,Match
rentokil initial,,Rentokl Initial,,Match
rentokil initial,,Rent Initial,,Match
rentokil initial,,Rntokil Initial,,Match
bg group,,BG Group,,Match
bg group,,BGGrp,,Match
bg group,,B.G. Group,,Match
bg group,,BG Grp,,Match
bg group,,Bul Group,,Match
bg group,,Bg Group,,Match
bg group,,B.G.Gr,,Match
mitchells & butlers,,Mitchells & Butlers,,Match
mitchells & butlers,,Mitchells and Butlers,,Match
mitchells & butlers,,Mitchells & Btlrs,,Match
mitchells & butlers,,Mitchells Btls,,Match
mitchells & butlers,,Mitchell Butlers,,Match
mitchells & butlers,,M & B,,Match
mitchells & butlers,,Mitchls & Butlers,,Match
isobar,,Isobar,,Match
isobar,,Iso Bar,,Match
isobar,,IsoBar,,Match
isobar,,Isbar,,Match
isobar,,Isobr,,Match
isobar,,Isoar,,Match
isobar,,Iso-ba,,Match
technipfmc,,TechnipFMC,,Match
technipfmc,,Technip FMC,,Match
technipfmc,,Technip-FMC,,Match
technipfmc,,TechnipFM,,Match
technipfmc,,TecnipFMC,,Match
technipfmc,,TechnipF,,Match
technipfmc,,Technip FMC Inc.,,Match
fidelity international,,Fidelity International,,Match
fidelity international,,Fidelity Intl,,Match
fidelity international,,Fidelity Intl',,Match
fidelity international,,Fidelty International,,Match
fidelity international,,Fidelity Internatnl,,Match
fidelity international,,Fidelity Int,,Match
fidelity international,,F.Intl,,Match
amey,,Amey,,Match
amey,,Ammy,,Match
amey,,Amy,,Match
amey,,A.me.y,,Match
amey,,Amey Ltd.,,Match
amey,,AY,,Match
amey,,Amay,,Match
rwe npower,,rwe npwower,,Match
rwe npower,,rwenpower,,Match
rwe npower,,rwe npeower,,Match
rwe npower,,RWE Npower,,Match
rwe npower,,rwe-npower,,Match
rwe npower,,rwe-npowr,,Match
rwe npower,,NPowr,,Match
bdo uk llp,,bdoukllp,,Match
bdo uk llp,,BDO UK LLP,,Match
bdo uk llp,,bdouklp,,Match
bdo uk llp,,BDO UK,,Match
bdo uk llp,,bdo uk lllp,,Match
bdo uk llp,,bdo u k llp,,Match
bdo uk llp,,bd o uk llp,,Match
wsp in the uk,,WSP in the UK,,Match
wsp in the uk,,wsp in theu k,,Match
wsp in the uk,,WspintheUK,,Match
wsp in the uk,,WSPin theUK,,Match
wsp in the uk,,WSP-UK,,Match
wsp in the uk,,WSP (UK),,Match
queen mary university of london,,Queen Mary University of London,,Match
queen mary university of london,,qmuol,,Match
queen mary university of london,,Queen Mary University,,Match
queen mary university of london,,QueenMaryUni,,Match
queen mary university of london,,QueenMary University ofLondon,,Match
queen mary university of london,,qm university of london,,Match
queen mary university of london,,QueenMaryUL,,Match
grant thornton uk llp,,GrantThOrnton UK LLP,,Match
grant thornton uk llp,,GrantThorn ton UK LLP,,Match
grant thornton uk llp,,grant uk llp,,Match
grant thornton uk llp,,GT UK LLP,,Match
grant thornton uk llp,,grant thornton llp,,Match
grant thornton uk llp,,GrantThornton UK,,Match
grant thornton uk llp,,GrantThorntonUKLLP,,Match
national trust,,national trst,,Match
national trust,,Nation al Trust,,Match
national trust,,Nationa Trust,,Match
national trust,,NatTrust,,Match
national trust,,Nat. Trust,,Match
national trust,,NatTrst,,Match
national trust,,NationalTrst,,Match
the london school of economics and political science (lse),,LSE,,Match
the london school of economics and political science (lse),,London School of Economics,,Match
the london school of economics and political science (lse),,LS E,,Match
the london school of economics and political science (lse),,THe London School Econom ics and PoliticalScience,,Match
the london school of economics and political science (lse),,L S E,,Match
the london school of economics and political science (lse),,L.S.E.,,Match
the london school of economics and political science (lse),,LondonSchoolof Economics,,Match
misys,,misyz,,Match
misys,,Missys,,Match
misys,,Missis,,Match
misys,,MYsys,,Match
misys,,misy,,Match
misys,,MI sys,,Match
misys,,mis y s,,Match
costa coffee,,costa coffe,,Match
costa coffee,,costacoffee,,Match
costa coffee,,COsta Coffee,,Match
costa coffee,,costa Coffe,,Match
costa coffee,,costa cofefe,,Match
costa coffee,,costa coffeee,,Match
costa coffee,,coffea,,Match
mpc,,mcp,,Match
mpc,,m p c,,Match
mpc,,MPC,,Match
mpc,,mp cc,,Match
mpc,,mcp ,,Match
mpc,,M P C,,Match
mpc,,mp c,,Match
knight frank,,KnightFrank,,Match
knight frank,,kngith frank,,Match
knight frank,,Kknight Frankk,,Match
knight frank,,kight frnk,,Match
knight frank,,knight franc,,Match
knight frank,,knigh frank,,Match
coventry university,,coventry uni,,Match
coventry university,,C oven tr y University,,Match
coventry university,,Coventra University,,Match
coventry university,,Coventry Univrsity,,Match
coventry university,,Cov Uni,,Match
coventry university,,Coventr Unversity,,Match
coventry university,,coventry univrsity,,Match
plan international,,plan internatinal,,Match
plan international,,plan internacional,,Match
plan international,,pian international,,Match
plan international,,PlanIntl,,Match
plan international,,PInternational,,Match
plan international,,pl an international,,Match
plan international,,Plan International,,Match
ministry of justice uk,, Ministry ofJust ice UK,,Match
ministry of justice uk,,Ministry Justice UK,,Match
ministry of justice uk,,ministryofjustce UK,,Match
ministry of justice uk,,MOJ UK,,Match
ministry of justice uk,,MinistryJustice UK,,Match
ministry of justice uk,,MO Justice UK,,Match
ministry of justice uk,,MinJusUK,,Match
the open university,,Open University,,Match
the open university,,TheOpen University,,Match
the open university,,TheOpen Uni,,Match
the open university,,Top open university,,Match
the open university,,TheOpen Unierversity,,Match
the open university,,TOpenUni,,Match
the open university,,Open Uni,,Match
whitbread,,whitbred,,Match
whitbread,,Whit bread,,Match
whitbread,,whitbread plc,,Match
whitbread,,WhitBread,,Match
whitbread,,witbread,,Match
whitbread,,Whitebread,,Match
whitbread,,whitbrad,,Match
arcadia group ltd,,arcadiagroupltd,,Match
arcadia group ltd,,Acadia Group,,Match 
arcadia group ltd,,arcadia group limited,,Match
arcadia group ltd,,Arcadia Ltd,,Match
arcadia group ltd,,Arcadia group,,Match
arcadia group ltd,,arcadia-grp-ltd,,Match
pentair,,PentIr,,Match
pentair,,Pentar,,Match 
pentair,,pent air,,Match 
pentair,,Pen tair,,Match 
pentair,,PentAir,,Match 
pentair,,Penter,,Match 
reed business information,, Reed Bus Information,,Match 
reed business information,,Reed Biz Information,,Match 
reed business information,,Reed Business Info,,Match 
reed business information,,RBI,,Match 
reed business information,,ReedBusinessInformation,,Match 
reed business information,,ReedBusInf,,Match 
reed business information,,R.B.I,,Match 
dentsu aegis network,,DentsuAegi sNet work,,Match 
dentsu aegis network,,DA Network,,Match 
dentsu aegis network,,Dent suAegisNetwork,,Match 
dentsu aegis network,, DensuAeg Network,,Match 
dentsu aegis network,,DentsuAgesiNetwork,,Match
dentsu aegis network,,DentsuAegisNetowrk,,Match 
dentsu aegis network,,DentsuAgis Network,,Match 
ibm,,IBM,,Match
ibm,,International Business Machines,,Match
ibm,,I.B.M.,,Match
ibm,,IbM,,Match
ibm,,International Business Machines Corp,,Match
ibm,,Intl Business Machines,,Match
ibm,,Int'l Business Machines,,Match
us army,,U.S. Army,,Match
us army,,United States Army,,Match
us army,,USArmy,,Match
us army,,US Army,,Match
us army,,U S Army,,Match
us army,,Army,,Match
us army,,U.S. Army Forces,,Match
hewlett-packard,,Hewlett Packard,,Match
hewlett-packard,,Hewlett-Packard Co,,Match
hewlett-packard,,HewlettPackard,,Match
hewlett-packard,,HP,,Match
hewlett-packard,,H-P,,Match
hewlett-packard,,Hewlit Packard,,Match
hewlett-packard,,Hewlett-Packrd,,Match
pwc,,PWC,,Match
pwc,,PricewaterhouseCoopers,,Match
pwc,,Price Waterhouse Coopers,,Match
pwc,,Price Waterhouse,,Match
pwc,,Pricewaterhouse,,Match
pwc,,Pricewaterhouse Coopers LLP,,Match
pwc,,P.W.C.,,Match
deloitte,,Deloitte LLC,,Match
deloitte,,Deloitte Touche Tohmatsu,,Match
deloitte,,Deloitte Touche,,Match
deloitte,,DeLoitte,,Match
deloitte,,Deloite,,Match
deloitte,,Deloitte LLP,,Match
deloitte,,Deloitee,,Match
us navy,,U.S. Navy,,Match
us navy,,United States Navy,,Match
us navy,,USN,,Match
us navy,,U S Navy,,Match
us navy,,U.S.N.,,Match
us navy,,US Navy,,Match
us navy,,Naval Forces,,Match
united states air force,,U.S. Air Force,,Match
united states air force,,USAF,,Match
united states air force,,US Air Force,,Match
united states air force,,U S Air Force,,Match
united states air force,,United States Airforce,,Match
united states air force,,United States Air Force,,Match
united states air force,,Air Force,,Match
citi,,CitiBank,,Match
citi,,CityBank,,Match
citi,,Citibank N.A.,,Match
citi,,Citigroup,,Match
citi,,Citigroup Inc.,,Match
citi,,Citibank,,Match
citi,,Citicorp,,Match
bank of america,,Bank of America,,Match
bank of america,,Bank of Am.,,Match
bank of america,,BoA,,Match
bank of america,,BankAmerica,,Match
bank of america,,BankofAmerica,,Match
bank of america,,BofA,,Match
bank of america,,The Bank of America,,Match
microsoft,,Microsoft Corporation,,Match
microsoft,,MSFT,,Match
microsoft,,MicroSoft,,Match
microsoft,,Microsoft Corp,,Match
microsoft,,Microsoft Inc,,Match
microsoft,,Microsoft Corporations,,Match
microsoft,,M-S-Corp.,,Match
walmart,,Wal-Mart,,Match
walmart,,Wal Mart,,Match
walmart,,Walmart Inc,,Match
walmart,,Walmart Stores,,Match
walmart,,WalmartStores,,Match
walmart,,Wal-Mart Stores Inc.,,Match
walmart,,Walmart Corporation,,Match
at&t,,AT&T Inc.,,Match
at&t,,AT&T Corp,,Match
at&t,,AT and T,,Match
at&t,,ATT,,Match
at&t,,At&T,,Match
at&t,,AT&T Communications,,Match
at&t,,American Telephone and Telegraph,,Match
wells fargo,,Wells Fargo & Co.,,Match
wells fargo,,Wells Fargoe,,Match
wells fargo,,Wells Fargo Bank,,Match
wells fargo,,WellsFargo,,Match
wells fargo,,Wells,,Match
wells fargo,,WF,,Match
wells fargo,,Wells Fargo & Company,,Match
jpmorgan chase & co.,,JP Morgan Chase & Co.,,Match
jpmorgan chase & co.,,JPMorgan Chase,,Match
jpmorgan chase & co.,,JPMorgan,,Match
jpmorgan chase & co.,,JP Morgan,,Match
jpmorgan chase & co.,,JPMorgan Chase and Co.,,Match
jpmorgan chase & co.,,J P Morgan Chase & Co,,Match
jpmorgan chase & co.,,JP Morgan Chase and Company,,Match
mcdonald's corporation,,McDonald's,,Match
mcdonald's corporation,,McDonalds Corporation,,Match
mcdonald's corporation,,McDonald's Corp,,Match
mcdonald's corporation,,Mc Donald's,,Match
mcdonald's corporation,,McDonalds,,Match
mcdonald's corporation,,Mcdonalds Inc,,Match
mcdonald's corporation,,McDonald's Restaurants LTD,,Match
cognizant technology solutions,,Cognizant,,Match
cognizant technology solutions,,Cognizant Tech Solutions,,Match
cognizant technology solutions,,Cognizant Technology,,Match
cognizant technology solutions,,Cognizant Technology Solution,,Match
cognizant technology solutions,,CTS,,Match
cognizant technology solutions,,Cognizant Technologies,,Match
cognizant technology solutions,,Cognizant Technology Sols.,,Match
oracle,,Oracle Corp.,,Match
oracle,,Oracle Corporation,,Match
oracle,,Oracal,,Match
oracle,,Oracles,,Match
oracle,,Orcale,,Match
oracle,,Oracle Corporations,,Match
oracle,,Oacle,,Match
target,,Target Corp.,,Match
target,,Target Corporation,,Match
target,,Target Inc.,,Match
target,,Traget,,Match
target,,Target Corporation Inc.,,Match
target,,TGT,,Match
target,,Target Brands Inc.,,Match
apple,,Apple Inc.,,Match
apple,,Apple Incorporated,,Match
apple,,Apple Computers,,Match
apple,,Apple Computer,,Match
apple,,Appel,,Match
apple,,AAPL,,Match
apple,,Apple Inc,,Match
pfizer,,Pfizer Inc.,,Match
pfizer,,Pfizer Inc,,Match
pfizer,,Pfizerr,,Match
pfizer,,Pizer,,Match
pfizer,,Pfiser,,Match
pfizer,,Pifzer,,Match
pfizer,,Pfizer Incorporated,,Match
united states marine corps,,United States Marine Corp,,Match
united states marine corps,,US Marine Corps,,Match
united states marine corps,,U.S. Marine Corps,,Match
united states marine corps,,USMC,,Match
united states marine corps,,U.S.M.C.,,Match
united states marine corps,,United States Marines,,Match
united states marine corps,,US Marines,,Match
dell,,Dell Inc.,,Match
dell,,Dell Technologies,,Match
dell,,Del,,Match
dell,,Dell Tech,,Match
dell,,Dell Techs,,Match
dell,,DELL,,Match
dell,,Dell Comp,,Match
amazon,,Amazon.com,,Match
amazon,,Amazone,,Match
amazon,,Amzn,,Match
amazon,,AMZ,,Match
amazon,,Amazon Inc.,,Match
amazon,,Amazn,,Match
amazon,,Amaozn,,Match
starbucks,,Starbucks Corporation,,Match
starbucks,,Starbucks Coffee,,Match
starbucks,,Starbukcs,,Match
starbucks,,SBUX,,Match
starbucks,,Starbuck,,Match
starbucks,,Starbux,,Match
starbucks,,Starbuchs,,Match
pepsico,,Pepsi Co,,Match
pepsico,,Pepsico Inc.,,Match
pepsico,,PepsiCo.,,Match
pepsico,,Pepsi,,Match
pepsico,,PepsiCo Inc,,Match
pepsico,,Pepsi Co.,,Match
pepsico,,Pepsi-Cola,,Match
intel corporation,,Intel,,Match
intel corporation,,Intel Corp,,Match
intel corporation,,Intel Corporatoin,,Match
intel corporation,,INTC,,Match
intel corporation,,Intel Inc.,,Match
intel corporation,,Ntel Corporation,,Match
intel corporation,,Iintel Corporation,,Match
morgan stanley,,Morgan Stanly,,Match
morgan stanley,,Morgan Stanley & Co.,,Match
morgan stanley,,Morgan Stanley Inc.,,Match
morgan stanley,,Morgan Staley,,Match
morgan stanley,,Morgan Steanly,,Match
morgan stanley,,MStanley,,Match
morgan stanley,,MS,,Match
cisco,,Cisco Systems,,Match
cisco,,Cisco Sys,,Match
cisco,,Csico,,Match
cisco,,CSCO,,Match
cisco,,Cisco Inc.,,Match
cisco,,Cisc,,Match
cisco,,Cso,,Match
ge,,General Electric,,Match
ge,,General Elec,,Match
ge,,GeneralElectric,,Match
ge,,G.E.,,Match
ge,,GenElectric,,Match
ge,,GE Inc.,,Match
ge,,Gen Elec,,Match
ford motor company,,Ford,,Match
ford motor company,,Ford Motor Co,,Match
ford motor company,,Ford Motor Company Inc.,,Match
ford motor company,,Ford Motor,,Match
ford motor company,,Ford Motors,,Match
ford motor company,,Ford Motor Co.,,Match
ford motor company,,Ford Company,,Match
kpmg,,KPMG LLP,,Match
kpmg,,KPMG International,,Match
kpmg,,KPMG Global,,Match
kpmg,,K P M G,,Match
kpmg,,KPMG Ltd.,,Match
kpmg,,KPMG Consulting,,Match
kpmg,,KPMC,,Match
ups,,United Parcel Service,,Match
ups,,United Parcel Service Inc.,,Match
ups,,UPS Inc.,,Match
ups,,U.P.S.,,Match
ups,,Ups,,Match
ups,,Universal Parcel Service,,Match
ups,,u p s,,Match
google,,Google LLC,,Match
google,,Google Inc.,,Match
google,,Googl,,Match
google,,Goooogle,,Match
google,,Goog,,Match
google,,Alphabet Inc.,,Match
google,,Googol,,Match
general motors,,General Motors Company,,Match
general motors,,GM,,Match
general motors,,General Motor,,Match
general motors,,General Motors Corp,,Match
general motors,,Gen Motors,,Match
general motors,,General Motors Corporation,,Match
general motors,,GM Inc.,,Match
honeywell,,Honeywell International,,Match
honeywell,,Honeywell Inc.,,Match
honeywell,,Honeywel,,Match
honeywell,,Honywell,,Match
honeywell,,Honey Well,,Match
honeywell,,HW,,Match
honeywell,,Honeywll,,Match
schlumberger,,Schlumberger Limited,,Match
schlumberger,,Schlumberger Ltd.,,Match
schlumberger,,Schlumburger,,Match
schlumberger,,Schumberger,,Match
schlumberger,,Sclumberger,,Match
schlumberger,,Schlumbergr,,Match
schlumberger,,Schlumberg,,Match
procter & gamble,,Procter and Gamble,,Match
procter & gamble,,Proctor & Gamble,,Match
procter & gamble,,Procter Gamble,,Match
procter & gamble,,P&G,,Match
procter & gamble,,Procter and Gamble Co.,,Match
procter & gamble,,Procter & Gamble Inc.,,Match
procter & gamble,,Proctor and Gamble Co.,,Match
best buy,,Best Buy Co. Inc.,,Match
best buy,,BestBuy,,Match
best buy,,Best Buys,,Match
best buy,,Bst Buy,,Match
best buy,,Best Bye,,Match
best buy,,Best Bye Inc.,,Match
best buy,,BstBuy,,Match
boeing,,Boeing Company,,Match
boeing,,Boeing Co,,Match
boeing,,Boeing Inc.,,Match
boeing,,Boing,,Match
boeing,,Boeing Corp,,Match
boeing,,The Boeing Company,,Match
boeing,,BOEING,,Match
csc,,Computer Sciences Corporation,,Match
csc,,CSC Corp,,Match
csc,,CSC Inc.,,Match
csc,,C S C,,Match
csc,,Comp Sciences Corp,,Match
csc,,Computer Sci Corp,,Match
csc,,CSC Corp.,,Match
johnson & johnson,,johnson and johnson,,Match
johnson & johnson,,johnson & jhonson,,Match
johnson & johnson,,johnson & johnsn,,Match
johnson & johnson,,johson & johnson,,Match
johnson & johnson,,j&j,,Match
johnson & johnson,,johnson & johnson Inc.,,Match
johnson & johnson,,johnson johnson,,Match
lockheed martin,,lockheed martn,,Match
lockheed martin,,lockeed martin,,Match
lockheed martin,,locheed martin,,Match
lockheed martin,,lockheed marten,,Match
lockheed martin,,lmt,,Match
lockheed martin,,lockheed martin corp,,Match
lockheed martin,,lockheedmartin,,Match
merrill lynch,,merril lynch,,Match
merrill lynch,,merril lnych,,Match
merrill lynch,,meryl lynch,,Match
merrill lynch,,meriil lynch,,Match
merrill lynch,,merrilllynch,,Match
merrill lynch,,ml,,Match
merrill lynch,,merrill lynch & co,,Match
the home depot,,home depot,,Match
the home depot,,the home dept,,Match
the home depot,,home depot inc,,Match
the home depot,,the homedepot,,Match
the home depot,,th home depot,,Match
the home depot,,the home dep,,Match
the home depot,,home dept,,Match
kpmg,,kpmg,,Match
kpmg,,kpm,,Match
kpmg,,kpmg llp,,Match
kpmg,,kpmg LLP,,Match
kpmg,,kpmg international,,Match
kpmg,,kpgn,,Match
kpmg,,kpmg global,,Match
macy's,,macys,,Match
macy's,,macys',,Match
macy's,,macy s,,Match
macy's,,maci's,,Match
macy's,,macy,,Match
macy's,,macy incorporation,,Match
macy's,,mcy,,Match
xerox,,xrox,,Match
xerox,,xerx,,Match
xerox,,xeroc,,Match
xerox,,xerox corp,,Match
xerox,,xr,,Match
xerox,,xeroxcorporation,,Match
xerox,,zerox,,Match
kaiser permanente,,kaiser permante,,Match
kaiser permanente,,kaiser perm,,Match
kaiser permanente,,kaiser permnente,,Match
kaiser permanente,,kaiser permanente inc,,Match
kaiser permanente,,kpr,,Match
kaiser permanente,,kaiserpermanente,,Match
kaiser permanente,,kaiser permadente,,Match
united states postal service,,usps,,Match
united states postal service,,united states post service,,Match
united states postal service,,united states postal serv,,Match
united states postal service,,united states postalservices,,Match
united states postal service,,u.s. postal service,,Match
united states postal service,,us postal service,,Match
united states postal service,,united postal service,,Match
american express,,american expess,,Match
american express,,amercian express,,Match
american express,,american xpress,,Match
american express,,americanexpress,,Match
american express,,amex,,Match
american express,,american express inc,,Match
american express,,americanexprss,,Match
unitedhealth group,,united health group,,Match
unitedhealth group,,unitedhealthgroup,,Match
unitedhealth group,,united healthgroup,,Match
unitedhealth group,,unitedhealth grp,,Match
unitedhealth group,,uhg,,Match
unitedhealth group,,united hlth grp,,Match
unitedhealth group,,united hlth group,,Match
j.p. morgan,, jp morgan,,Match
j.p. morgan,,j.p.morgan,,Match
j.p. morgan,,jpm,,Match
j.p. morgan,,jp morgan chase,,Match
j.p. morgan,,jp moe,,Match
j.p. morgan,,jp morgan & co,,Match
j.p. morgan,,jp morganChase,,Match
walgreens,,walgreen,,Match
walgreens,,walgreeens,,Match
walgreens,,walgreens co,,Match
walgreens,,walgreens inc,,Match
walgreens,,walgree,,Match
walgreens,,walgrens,,Match
walgreens,,wal greens,,Match
thomson reuters,,thomson reuter,,Match
thomson reuters,,thomsonreuters,,Match
thomson reuters,,thompson reuters,,Match
thomson reuters,,thomson ruters,,Match
thomson reuters,,thomson reutrs,,Match
thomson reuters,,tr,,Match
thomson reuters,,reuters thomson,,Match
abbott,,abot,,Match
abbott,,abbot,,Match
abbott,,abbot labs,,Match
abbott,,abott,,Match
abbott,,abbtt,,Match
abbott,,abbott laboratories,,Match
abbott,,abbtt laboratories,,Match
schneider electric,,schneider eletric,,Match
schneider electric,,schneidereléctric,,Match
schneider electric,,sneider electric,,Match
schneider electric,,schneiderelectric,,Match
schneider electric,,sneider elétric,,Match
schneider electric,,schneider elec,,Match
merck,,mrek,,Match
merck,,merc,,Match
merck,,merck&co,,Match
merck,,merck group,,Match
merck,,merk,,Match
merck,,merckco,,Match
merck,,merck & co.,,Match
verizon wireless,,verixon wireless,,Match
verizon wireless,,verizon wirless,,Match
verizon wireless,,verison wireless,,Match
verizon wireless,,verzn wireless,,Match
verizon wireless,,verizonwireless,,Match
verizon wireless,,verizon wireless inc,,Match
verizon wireless,,vzw,,Match
goldman sachs,,goldman sach,,Match
goldman sachs,,goldman sacs,,Match
goldman sachs,,goldman & sachs,,Match
goldman sachs,,gs,,Match
goldman sachs,,goldman saachs,,Match
goldman sachs,,goldman saches,,Match
goldman sachs,,goldmen sachs,,Match
state farm,,State Farm,,Match
state farm,,StateFarm,,Match
state farm,,Stat Furm,,Match
state farm,,St8 Farm,,Match
state farm,,Steit Farm,,Match
state farm,,Stat Frm,,Match
state farm,,State Frm,,Match
sprint,,Sprint Corporation,,Match
sprint,,Srpint,,Match
sprint,,Spint,,Match
sprint,,Sprnt,,Match
sprint,,Spr1nt,,Match
sprint,,Hotspot Sprint,,Match
department of veterans affairs,,Dept of Veterans Affairs,,Match
department of veterans affairs,,Department of Veteran Affair,,Match
department of veterans affairs,,Depterment of Veterans Affairs,,Match
department of veterans affairs,,Dept Veteran Affairs,,Match
department of veterans affairs,,Dpt of Vetran Affairs,,Match
department of veterans affairs,,Dept of Vetrens Affairs,,Match
department of veterans affairs,,Dep of Veterans Affairs,,Match
verizon,,Verison,,Match
verizon,,Verizon Communications,,Match
verizon,,Verzon,,Match
verizon,,Verzn,,Match
verizon,,Velizon,,Match
verizon,,Verizn,,Match
verizon,,Verizon Wireless,,Match
enterprise rent-a-car,,Enterprise Rent-A-Car Company,,Match
enterprise rent-a-car,,Enterpise Rent A Car,,Match
enterprise rent-a-car,,Enterprize Rent-A-Car,,Match
enterprise rent-a-car,,Enterpri Rent-A-Car,,Match
enterprise rent-a-car,,Enter RentaCar,,Match
enterprise rent-a-car,,Ent Rent A Car,,Match
enterprise rent-a-car,,Enterprise,,Match
johnson controls,,Johnson Controls International plc,,Match
johnson controls,,Jonson Controls,,Match
johnson controls,,Johnson Controlls,,Match
johnson controls,,Johnsn Controls,,Match
johnson controls,,Johnsoon Controls,,Match
johnson controls,,Johson Controls,,Match
johnson controls,,Jonson Control,,Match
nordstrom,,Nordstorm,,Match
nordstrom,,Nordstrum,,Match
nordstrom,,Nordstom,,Match
nordstrom,,Nrdstrom,,Match
nordstrom,,Norstrom,,Match
nordstrom,,Nordstrom Inc,,Match
nordstrom,,Nordstrm,,Match
adp,,ADP Corporation,,Match
adp,,Automatic Data Processing,,Match
adp,,AD Pro,,Match
adp,,A D P,,Match
adp,,Add,,Match
adp,,ADProcessing,,Match
adp,,ADPCorp,,Match
dell emc,,Dell EMC Corporation,,Match
dell emc,,Dell EMK,,Match
dell emc,,DellEMC,,Match
dell emc,,Del EMC,,Match
dell emc,,Dell Emc,,Match
dell emc,,Dell Computer,,Match
dell emc,,EMC Corporation,,Match
marriott international,,Marriott Intnl,,Match
marriott international,,Marriot Intenational,,Match
marriott international,,Marriot International,,Match
marriott international,,Marriot Intl,,Match
marriott international,,Mariott International,,Match
marriott international,,Marriot Hotels,,Match
marriott international,,Mariott,,Match
the coca-cola company,,Coca Cola,,Match
the coca-cola company,,CocaCola,,Match
the coca-cola company,,Coca Cola Company,,Match
the coca-cola company,,The Coca Cola,,Match
the coca-cola company,,Coa Cola,,Match
the coca-cola company,,Coke,,Match
the coca-cola company,,CocaCola Co,,Match
samsung electronics,,Samsung Electronic,,Match
samsung electronics,,Samung Electronics,,Match
samsung electronics,,SamsungE,,Match
samsung electronics,,SSamsung Electronics,,Match
samsung electronics,,SamsungElec,,Match
samsung electronics,,Samzung Electronics,,Match
samsung electronics,,Samsng Electronics,,Match
northrop grumman corporation,,Northrop Grumman,,Match
northrop grumman corporation,,Northup Grumman,,Match
northrop grumman corporation,,Northrop Gruman,,Match
northrop grumman corporation,,Northrup Grumman,,Match
northrop grumman corporation,,NorthropG,,Match
northrop grumman corporation,,Northrop Grumman Cor,,Match
northrop grumman corporation,,NorthropGS,,Match
halliburton,,Haliburton,,Match
halliburton,,Halli Burton,,Match
halliburton,,Hallibrton,,Match
halliburton,,Hlliburton,,Match
halliburton,,Haliburto,,Match
halliburton,,Halliurtun,,Match
halliburton,,Hallyburton,,Match
fidelity investments,,Fidelity Investements,,Match
fidelity investments,,Fidality Investments,,Match
fidelity investments,,Fidelity Investment,,Match
fidelity investments,,Fidelty Investments,,Match
fidelity investments,,Fidleity Investments,,Match
fidelity investments,,Fideliti Investments,,Match
fidelity investments,,Fidelity Invest,,Match
convergys,,Convergy,,Match
convergys,,Convergis,,Match
convergys,,Conv Gys,,Match
convergys,,Convergs,,Match
convergys,,Covvergys,,Match
convergys,,Covergys,,Match
convergys,,Covergs,,Match
motorola,,Motorolla,,Match
motorola,,Motrola,,Match
motorola,,Mootrola,,Match
motorola,,Motorla,,Match
motorola,,Motorala,,Match
motorola,,Moterrla,,Match
motorola,,Morotola,,Match
nike,,Nice,,Match
nike,,Nicke,,Match
nike,,Nkie,,Match
nike,,NiKe Inc,,Match
nike,,Nike Co,,Match
nike,,nKE,,Match
nike,,Nik3,,Match
hp,,Hewlett Packard,,Match
hp,,H P,,Match
hp,,HP Inc,,Match
hp,,Hewlett-Packard Company,,Match
hp,,Hewlet Packard,,Match
hp,,HPComputers,,Match
hp,,HPCompany,,Match
exxonmobil,,Exonmobil,,Match
exxonmobil,,Exon Mobil,,Match
exxonmobil,,Exxon Mobil,,Match
exxonmobil,,Xonmobile,,Match
exxonmobil,,ExonMobile,,Match
exxonmobil,,ExxonMobl,,Match
exxonmobil,,ExxonMobile,,Match
chevron,,Chevron Corporation,,Match
chevron,,Chevron Corp.,,Match
chevron,,Cevron,,Match
chevron,,Cheveron,,Match
chevron,,Chevran,,Match
chevron,,CHEVRON,,Match
chevron,,Chevron Oil,,Match
chevron,,CVRN,,Match
t-mobile,,T Mobile,,Match
t-mobile,,TMOBILE,,Match
t-mobile,,tmobile,,Match
t-mobile,,T-Mobil,,Match
t-mobile,,T Mobile Communication,,Match
t-mobile,,TMUS,,Match
cvs health,,CVS Health Corporation,,Match
cvs health,,CVS Health Corp.,,Match
cvs health,,CVSHealth,,Match
cvs health,,CVS,,Match
cvs health,,CVSH,,Match
cvs health,,CVSHlt,,Match
cvs health,,CVSHeath,,Match
mondelēz international,,Mondelez International,,Match
mondelēz international,,Mondelez Intl.,,Match
mondelēz international,,Mondelēz,,Match
mondelēz international,,Mondelez,,Match
mondelēz international,,Mondelez Int.,,Match
mondelēz international,,Mondlez,,Match
mondelēz international,,Mondlez Intl.,,Match
3m health care,,3M,,Match
3m health care,,3M Health,,Match
3m health care,,3M Healthcare,,Match
3m health care,,3M Health Care Division,,Match
3m health care,,3M Health Cr,,Match
3m health care,,Three M Health,,Match
3m health care,,MMM Health Care,,Match
medtronic,,Medtronic plc,,Match
medtronic,,Med Tronic,,Match
medtronic,,Medtronc,,Match
medtronic,,Meditronic,,Match
medtronic,,MedTron,,Match
medtronic,,MDT,,Match
medtronic,,Medtornic,,Match
ge capital,,General Electric Capital,,Match
ge capital,,GE Capital Corp.,,Match
ge capital,,GE Capital Corporation,,Match
ge capital,,GECapital,,Match
ge capital,,GE Cap.,,Match
ge capital,,G E Capital,,Match
ge capital,,General Electric Finance,,Match
walt disney world,,Disney World,,Match
walt disney world,,Walt Disny World,,Match
walt disney world,,Walt Disney Worl,,Match
walt disney world,,WDW,,Match
walt disney world,,Disney Wld,,Match
walt disney world,,Wlt Disney World,,Match
walt disney world,,Walt Disney Wrld,,Match
metlife,,MetLife Inc.,,Match
metlife,,Met Life,,Match
metlife,,MetLfe,,Match
metlife,,MetLife Corporation,,Match
metlife,,MetLF,,Match
metlife,,Metlife Insurance,,Match
metlife,,MetLife Ins.,,Match
cbre,,CBRE Group,,Match
cbre,,CB Richard Ellis,,Match
cbre,,CBRE Inc.,,Match
cbre,,cbre,,Match
cbre,,CBRE Grp,,Match
cbre,,RCRB,,Match
airbus,,Airbus SE,,Match
airbus,,Airbus Group,,Match
airbus,,AirBus,,Match
airbus,,ARBUS,,Match
airbus,,Airbus Industries,,Match
airbus,,Aribus,,Match
airbus,,AirBus SE,,Match
the walt disney company,,The Disney Company,,Match
the walt disney company,,Walt Disney Co.,,Match
the walt disney company,,Disney,,Match
the walt disney company,,The Walt Disney Co.,,Match
the walt disney company,,The Wlt Disney Company,,Match
the walt disney company,,WaltDisney Company,,Match
the walt disney company,,Disney Company,,Match
avon,,Avon Products Inc.,,Match
avon,,Avon Product,,Match
avon,,AVON,,Match
avon,,Awon,,Match
avon,,Aavon,,Match
avon,,Avon Products,,Match
avon,,Avon Incorporation,,Match
total,,Total S.A.,,Match
total,,TOTAL SA,,Match
total,,Total SE,,Match
total,,Total,,Match
total,,Totl,,Match
total,,TOTAL,,Match
total,,Total Group,,Match
allstate,,Allstate Corporation,,Match
allstate,,Allstate Corp.,,Match
allstate,,All State,,Match
allstate,,ALLSTATE,,Match
allstate,,Allstte,,Match
allstate,,Allstae,,Match
allstate,,Allsate,,Match
baker hughes,,Baker Hughes Company,,Match
baker hughes,,Baker Hghes,,Match
baker hughes,,Bkr Hughes,,Match
baker hughes,,Baker Hues,,Match
baker hughes,,Baker-Hughes,,Match
baker hughes,,Baker Huges,,Match
baker hughes,,Bkr Hghs,,Match
aig,,American International Group,,Match
aig,,AIG Inc.,,Match
aig,,A.I.G.,,Match
aig,,AIG Group,,Match
aig,,Am Intl Group,,Match
aig,,American Intl Group,,Match
aig,,AmInt Group,,Match
u.s. bank,,US Bank,,Match
u.s. bank,,U S Bank,,Match
u.s. bank,,USBank,,Match
u.s. bank,,U.S. Bancorp,,Match
u.s. bank,,U.S. Bank National Association,,Match
u.s. bank,,U S Bancorp,,Match
u.s. bank,,USB,,Match
capital one,,Capital One Financial Corporation,,Match
capital one,,Capital 1,,Match
capital one,,CapitalOne,,Match
capital one,,CapitalOne Financial,,Match
capital one,,Capital One Financial Corp.,,Match
capital one,,Capital 1 Financial,,Match
capital one,,CP One,,Match
genpact,,Genpact Limited,,Match
genpact,,Gen pact,,Match
genpact,,Genpact Ltd.,,Match
genpact,,GenPact,,Match
genpact,,Gnpact,,Match
genpact,,Gen Pac,,Match
genpact,,GPT,,Match
eli lilly and company,,eli lilly n company,,Match
eli lilly and company,,eli lilly & company,,Match
eli lilly and company,,eli lilly & co.,,Match
eli lilly and company,,lilly & co.,,Match
eli lilly and company,,eli lilly and co.,,Match
eli lilly and company,,elililly and company,,Match
eli lilly and company,,eli lilly,,Match
pnc,,pnc bank,,Match
pnc,,P.N.C.,,Match
pnc,,P.N.C. Bank,,Match
pnc,,P.N.C. Inc.,,Match
pnc,,PNC Finl Servs,,Match
pnc,,PNC Financial,,Match
pnc,,PNC Financial Services,,Match
sears holdings corporation,,sears holdings corp.,,Match
sears holdings corporation,,Sears Holding Corp,,Match
sears holdings corporation,,sears corp.,,Match
sears holdings corporation,,Sears Corp,,Match
sears holdings corporation,,Sears Holdings,,Match
sears holdings corporation,,sears holding co.,,Match
sears holdings corporation,,sears holding company,,Match
jll,,jones lang lasalle,,Match
jll,,JLL Inc.,,Match
jll,,J.L.L.,,Match
jll,,J.L.L. Inc,,Match
jll,,JLL Corporation,,Match
jll,,J L L,,Match
jll,,jones lang lasalle inc,,Match
cargill,,cargill inc.,,Match
cargill,,Cargil,,Match
cargill,,Cargell,,Match
cargill,,Cargill Incorporated,,Match
cargill,,Cargill Incorp,,Match
cargill,,cargill inc,,Match
cargill,,Cargill Incor,,Match
bny mellon,,bny mellon bank,,Match
bny mellon,,The Bank of New York Mellon,,Match
bny mellon,,bny mellon corp.,,Match
bny mellon,,BNY Mellon Corporation,,Match
bny mellon,,BNY Mellon Inc,,Match
bny mellon,,BNYM,,Match
bny mellon,,BNY,,Match
northwestern mutual,,nwm,,Match
northwestern mutual,,Northwestern Mut,,Match
northwestern mutual,,Northwestern Mutual Life Insurance Company,,Match
northwestern mutual,,northwestern mutual life,,Match
northwestern mutual,,northwestern mut. life,,Match
northwestern mutual,,nw mutual,,Match
northwestern mutual,,North Western Mutual,,Match
nielsen,,Nielson,,Match
nielsen,,Neilsen,,Match
nielsen,,Nielsen Company,,Match
nielsen,,Nielsen Holdings,,Match
nielsen,,Nilsen,,Match
nielsen,,Neelson,,Match
nielsen,,The Nielsen Company,,Match
bristol-myers squibb,,Bristol Myers Squibb,,Match
bristol-myers squibb,,Bristol-Myers Squib,,Match
bristol-myers squibb,,BristolMyers Squibb,,Match
bristol-myers squibb,,BMS,,Match
bristol-myers squibb,,Bristol Squibb,,Match
bristol-myers squibb,,Bristol-Myer Squib,,Match
bristol-myers squibb,,Bristol-Myers-Squibb,,Match
hilton worldwide,,Hilton Hotels,,Match
hilton worldwide,,Hilton Worldwide Inc,,Match
hilton worldwide,,Hilton Worldwide Holdings,,Match
hilton worldwide,,Hilton Inc.,,Match
hilton worldwide,,Hilton,,Match
hilton worldwide,,Hilton Worldwide Holdings Inc,,Match
hilton worldwide,,Hilton Holdings,,Match
"""kohl's department stores""",,kohls,,Match
"""kohl's department stores""",,"""Kohl's""",,Match
"""kohl's department stores""",,"""Kohl's Stores""",,Match
"""kohl's department stores""",,Kohl's Department Strs,,Match
"""kohl's department stores""",,Kohls Department Stores,,Match
"""kohl's department stores""",,kohl dept. store,,Match
"""kohl's department stores""",,Kohls Dept Stores,,Match
aecom,,aecom technology corp.,,Match
aecom,,Aecom Technology Corporation,,Match
aecom,,aecom technology,,Match
aecom,,AECOM Inc.,,Match
aecom,,aeco,,Match
aecom,,AECOM Technology Corp,,Match
aecom,,AECOM Tech Corp,,Match
jcpenney,,j.c. penney,,Match
jcpenney,,j.c. penny,,Match
jcpenney,,j. c. penney,,Match
jcpenney,,jc penny,,Match
jcpenney,,jcpen,,Match
jcpenney,,JCP,,Match
jcpenney,,penney,,Match
state street,,State Str,,Match
state street,,State Str.,,Match
state street,,State Street Corp,,Match
state street,,State Street Corporation,,Match
state street,,State St,,Match
state street,,State St.,,Match
state street,,StateStreet,,Match
thales,,Thales Group,,Match
thales,,Thales S.A.,,Match
thales,,Thales Sa,,Match
thales,,Thales Inc.,,Match
thales,,Thals,,Match
thales,,Thales International,,Match
thales,,Thales Int,,Match
jacobs,,Jacobs Engineering Group,,Match
jacobs,,Jacobs Engineering,,Match
jacobs,,Jacobs Eng. Group,,Match
jacobs,,Jacobs Eng.,,Match
jacobs,,Jacobs Inc.,,Match
jacobs,,Jacobs Eng Group Inc.,,Match
jacobs,,Jacobs Eng Group,,Match
kelly services,,Kelly Services Inc.,,Match
kelly services,,Kelly Srvs,,Match
kelly services,,KellySrvcs,,Match
kelly services,,Kelly Serv.,,Match
kelly services,,Kelly Services Corporation,,Match
kelly services,,Kelly Inc.,,Match
kelly services,,Kelly Srvs Inc.,,Match
united nations,,UN,,Match
united nations,,U.N.,,Match
united nations,,United Nations Organization,,Match
united nations,,UNO,,Match
united nations,,United Ntions,,Match
united nations,,The United Nations,,Match
united nations,,United Nation,,Match
kroger,,The Kroger Co.,,Match
kroger,,krogr,,Match
kroger,,kroger corporation,,Match
kroger,,Kroger Co,,Match
kroger,,Kroger Inc.,,Match
kroger,,kroger company,,Match
kroger,,Krger,,Match
caterpillar inc.,,Catapillar inc.,,Match
caterpillar inc.,,Caterpiller inc.,,Match
caterpillar inc.,,Catapiler inc.,,Match
caterpillar inc.,,Caterpillar Incorporated,,Match
caterpillar inc.,,Caterpillar Inc,,Match
caterpillar inc.,,Caterpillar,,Match
caterpillar inc.,,Caterpiller Incorporated,,Match
ymca,,YMCA,,Match
ymca,,Young Men's Christian Association,,Match
ymca,,Y.M.C.A.,,Match
ymca,,YMCA Corp,,Match
ymca,,YM,,Match
ymca,,YMC,,Match
liberty mutual insurance,,Liberty Mutual Ins.,,Match
liberty mutual insurance,,Liberty Mutual Insurance Company,,Match
liberty mutual insurance,,Liberty Mutual Ins. Co.,,Match
liberty mutual insurance,,Liberty Mutual,,Match
liberty mutual insurance,,Liberty Mutual Assurance,,Match
liberty mutual insurance,,Liberty Ins.,,Match
liberty mutual insurance,,Liberty Mutual Ins,,Match
university of michigan,,University Of Mich.,,Match
university of michigan,,U of M,,Match
university of michigan,,UM,,Match
university of michigan,,U-M,,Match
university of michigan,,Univ. of Michigan,,Match
university of michigan,,Univ Michigan,,Match
university of michigan,,U Michigan,,Match
unisys,,Unisy,,Match
unisys,,Unsis,,Match
unisys,,Unsys,,Match
unisys,,Unysis,,Match
unisys,,Unesis,,Match
unisys,,Unysis Incorporation,,Match
unisys,,Unisys Inc.,,Match
american airlines,,Amercan Airlines,,Match
american airlines,,American Airline,,Match
american airlines,,America Airlines,,Match
american airlines,,American Ailrines,,Match
american airlines,,American Air Lines,,Match
american airlines,,American Airlines Inc.,,Match
american airlines,,AmericanAirlines,,Match
raytheon,,Raytheon Company,,Match
raytheon,,Raytheon Corp.,,Match
raytheon,,Raytheon Technologies,,Match
raytheon,,Raythoen,,Match
raytheon,,Raythn,,Match
raytheon,,Raytheon Co.,,Match
raytheon,,Raythn Technologies,,Match
united states department of defense,,U.S. Department of Defense,,Match
united states department of defense,,US Dept of Defense,,Match
united states department of defense,,Department of Defense,,Match
united states department of defense,,DoD,,Match
united states department of defense,,USDOD,,Match
united states department of defense,,United States DoD,,Match
united states department of defense,,United States Defense Dept,,Match
farmers insurance,,Farmers Ins.,,Match
farmers insurance,,Farmers Insurance Group,,Match
farmers insurance,,Farmers Insurance Co.,,Match
farmers insurance,,Farmers Ins. Co.,,Match
farmers insurance,,Farmers,,Match
farmers insurance,,Farmer's Insurance,,Match
farmers insurance,,Famers Insurance,,Match
h&r block,,H and R Block,,Match
h&r block,,H & R Blcok,,Match
h&r block,,H&R,,Match
h&r block,,HR Block,,Match
h&r block,,H. & R. Block,,Match
h&r block,,H and R Block Inc.,,Match
h&r block,,H & R Block Inc.,,Match
comcast,,Comcats,,Match
comcast,,Comcast Corp.,,Match
comcast,,Comcast Corporation,,Match
comcast,,Comcast Cable,,Match
comcast,,Comcat,,Match
comcast,,Comcast Communications,,Match
comcast,,Comcast Co.,,Match
saic,,SAIC Inc.,,Match
saic,,Science Applications International Corporation,,Match
saic,,S.A.I.C.,,Match
saic,,Science Applications Int. Corp.,,Match
saic,,SAIC Corporation,,Match
saic,,SAI Corporation,,Match
saic,,Science Applications Intl. Corp.,,Match
staples,,Stapples,,Match
staples,,Stapls,,Match
staples,,Staple,,Match
staples,,Stap,,Match
staples,,Staples Inc.,,Match
staples,,Staples Incorporated,,Match
staples,,Stapels,,Match
teksystems,,TEKsystems Inc.,,Match
teksystems,,TEKsystem,,Match
teksystems,,Techsystems,,Match
teksystems,,Tech Systems,,Match
teksystems,,Think Systems,,Match
teksystems,,TEK Systems,,Match
teksystems,,TEK Systms,,Match
facebook,,Facebook Inc.,,Match
facebook,,Facebok,,Match
facebook,,Face book,,Match
facebook,,Fb,,Match
facebook,,Facebk,,Match
facebook,,Facebook Incorporated,,Match
facebook,,Fcebook,,Match
manpowergroup,,Manpower Group,,Match
manpowergroup,,Manpwergroup,,Match
manpowergroup,,Manpower gp,,Match
manpowergroup,,Manpower Grp,,Match
manpowergroup,,ManpowerGroup Inc.,,Match
manpowergroup,,Manpower Group Inc.,,Match
manpowergroup,,Manpower Grp Inc.,,Match
eaton,,Eton,,Match
eaton,,Eaton Corp.,,Match
eaton,,Eaton Corporation,,Match
eaton,,Eaton Inc.,,Match
eaton,,Eatin,,Match
eaton,,Eaton Co.,,Match
eaton,,Eiton,,Match
booz allen hamilton,,Booz Allen,,Match
booz allen hamilton,,Booz Allen & Hamilton,,Match
booz allen hamilton,,Booz Allen Hamilton Inc.,,Match
booz allen hamilton,,Booz Allen Hamilton Incorporated,,Match
booz allen hamilton,,Booze Allen,,Match
booz allen hamilton,,Booze Allen Hamilton,,Match
booz allen hamilton,,Booz-Allen,,Match
dupont,,Du Pont,,Match
dupont,,DuPont,,Match
dupont,,Du Pont Corporation,,Match
dupont,,DuPont Corporation,,Match
dupont,,Du Pont Inc.,,Match
dupont,,DuPont Inc.,,Match
dupont,,DuPont Co.,,Match
fluor corporation,,Flour Corporation,,Match
fluor corporation,,Fluor Corp.,,Match
fluor corporation,,Fluor,,Match
fluor corporation,,Flour Corp,,Match
fluor corporation,,Floro Corporation,,Match
fluor corporation,,Flur Corporation,,Match
fluor corporation,,Fluour Corporation,,Match
texas instruments,,Texas Instrument,,Match
texas instruments,,Tx Instruments,,Match
texas instruments,,Texsas Instruments,,Match
texas instruments,,TexasInst,,Match
texas instruments,,TXInstrumnts,,Match
texas instruments,,Texas Instrumnts,,Match
texas instruments,,Texsinst,,Match
university of minnesota,,University of Minnesota,,Match
university of minnesota,,U of M,,Match
university of minnesota,,U Minn,,Match
university of minnesota,,UMinnesota,,Match
university of minnesota,,U o Minnesota,,Match
university of minnesota,,Univ of Minn,,Match
university of minnesota,,Universty of Minnesota,,Match
aramark,,Aramrk,,Match
aramark,,Aramark Inc,,Match
aramark,,Aramrk Co.,,Match
aramark,,Aramark Co.,,Match
aramark,,Armakr,,Match
aramark,,Aramark International,,Match
aramark,,Armark,,Match
abercrombie & fitch,,Abercrombie and Fitch,,Match
abercrombie & fitch,,Abercrombie,,Match
abercrombie & fitch,,Abercrombe & Fitch,,Match
abercrombie & fitch,,A&F,,Match
abercrombie & fitch,,Aber & Fitch,,Match
abercrombie & fitch,,Abercombie & Fitch,,Match
abercrombie & fitch,,Abecrombie $ Fitch,,Match
barclays investment bank,,Barclays Investment Bnk,,Match
barclays investment bank,,Barclays Invest Bank,,Match
barclays investment bank,,Barclays Investmnt Bank,,Match
barclays investment bank,,Barclays Inv Bank,,Match
barclays investment bank,,Barclays Investmnt Bnk,,Match
barclays investment bank,,Barclays Invst Bank,,Match
barclays investment bank,,Barclays Intvestment Bank,,Match
baxter international inc.,,Baxter Intl,,Match
baxter international inc.,,Baxter International,,Match
baxter international inc.,,Baxter Intl Inc,,Match
baxter international inc.,,Baxter Int. Inc.,,Match
baxter international inc.,,Baxter Intenl Inc,,Match
baxter international inc.,,Baxtr International Inc,,Match
baxter international inc.,,Baxter Intnal Inc.,,Match
the dow chemical company,,Dow Chemical,,Match
the dow chemical company,,Dow Chemical Co,,Match
the dow chemical company,,The Dow Chemical Co.,,Match
the dow chemical company,,DowChem,,Match
the dow chemical company,,Dow Chemical Corporation,,Match
the dow chemical company,,DowChem Co.,,Match
the dow chemical company,,Dow Chemicals,,Match
ncr corporation,,NCR Corp,,Match
ncr corporation,,N C R Corporation,,Match
ncr corporation,,NCR Corp.,,Match
ncr corporation,,NCRCorporation,,Match
ncr corporation,,N C R Corp,,Match
ncr corporation,,NCR Corporation Ltd,,Match
ncr corporation,,NCR In.,,Match
weatherford,,Weatherfd,,Match
weatherford,,Weather Fd,,Match
weatherford,,Weatherfrod,,Match
weatherford,,Weathrford,,Match
weatherford,,Weatheford,,Match
weatherford,,Weatherord,,Match
weatherford,,Weathrfd,,Match
victoria's secret,,Victorias Secret,,Match
victoria's secret,,Victoria’s Secret,,Match
victoria's secret,,Vic's Secret,,Match
victoria's secret,,Victoria Secret,,Match
victoria's secret,,Vic Secret,,Match
victoria's secret,,Victoria Scret,,Match
victoria's secret,,VictoriasSct,,Match
delta air lines,,Delta Airlines,,Match
delta air lines,,Delta Airlnes,,Match
delta air lines,,DeltaAir,,Match
delta air lines,,Delta Air,,Match
delta air lines,,Delta Air Lines,,Match
delta air lines,,Delta AL,,Match
delta air lines,,DeltaAirlns,,Match
nyc department of education,,NYC Dept of Education,,Match
nyc department of education,,NY Department of Education,,Match
nyc department of education,,NYC DOE,,Match
nyc department of education,,NYC Dept Education,,Match
nyc department of education,,NYC Dept. Education,,Match
nyc department of education,,NYC Department Ed,,Match
nyc department of education,,NYDEP of Education,,Match
iqvia,,IQVIA Inc,,Match
iqvia,,IQVIA,,Match
iqvia,,IQVIA Co,,Match
iqvia,,IQ VIA,,Match
iqvia,,IQvia,,Match
iqvia,,IQV AI,,Match
iqvia,,Iqvia,,Match
peace corps,,PeaceCorp,,Match
peace corps,,Peace Corp,,Match
peace corps,,Pease Corps,,Match
peace corps,,Peace Corporations,,Match
peace corps,,Peace Corprs,,Match
peace corps,,PeaceCor,,Match
peace corps,,Pece Corps,,Match
prudential financial,,Prudential Fin,,Match
prudential financial,,Prudential,,Match
prudential financial,,Prud Financial,,Match
prudential financial,,Prudential Fin.,,Match
prudential financial,,Prudentl Financial,,Match
prudential financial,,Prudancial Financial,,Match
prudential financial,,Prudent Financial,,Match
linkedin,,Linkdin,,Match
linkedin,,Linked In,,Match
linkedin,,Linkedin,,Match
linkedin,,Linked-In,,Match
linkedin,,Linkedin Corp,,Match
linkedin,,Lnkedin,,Match
linkedin,,Linkedinn,,Match
pizza hut,,Piza Hut,,Match
pizza hut,,Pizza Hut Inc,,Match
pizza hut,,Piza-Hut,,Match
pizza hut,,PizzaHat,,Match
pizza hut,,Pia Hut,,Match
pizza hut,,Pizza Ht,,Match
pizza hut,,PizzaHut,,Match
cvs pharmacy,,CVS Pharamcy,,Match
cvs pharmacy,,CVS Pharm,,Match
cvs pharmacy,,CVSPharmacy,,Match
cvs pharmacy,,C V S Pharmacy,,Match
cvs pharmacy,,CV Pharmacy,,Match
cvs pharmacy,,CVS Pharnacy,,Match
cvs pharmacy,,CVSRx,,Match
philip morris international,,PhilipMorris,,Match
philip morris international,,Philipp Morris,,Match
philip morris international,,Philip Morris Int'l,,Match
philip morris international,,Philip Morris Int,,Match
philip morris international,,Phillip Morris Int,,Match
philip morris international,,Philip Morris Intl,,Match
philip morris international,,Philip-Morris International,,Match
penn state university,,Penn State,,Match
penn state university,,PSU,,Match
penn state university,,Penn St.,,Match
penn state university,,Pen State Univ,,Match
penn state university,,Penn St University,,Match
penn state university,,Pennsylvania State University,,Match
penn state university,,Pen state univ,,Match
united airlines,,UA,,Match
united airlines,,United Air,,Match
united airlines,,UnitedAirlines,,Match
united airlines,,United Airlines Inc,,Match
united airlines,,United Air Lines,,Match
united airlines,,UnitedAirLine,,Match
united airlines,,United,,Match
uc berkeley,,UC Berkeley,,Match
uc berkeley,,University of California Berkeley,,Match
uc berkeley,,UCB,,Match
uc berkeley,,UC Berkley,,Match
uc berkeley,,Cal Berkeley,,Match
uc berkeley,,Berkeley,,Match
uc berkeley,,U.C. Berkeley,,Match
the ohio state university,,Ohio State,,Match
the ohio state university,,OSU,,Match
the ohio state university,,Ohio State University,,Match
the ohio state university,,The Ohio St Univ,,Match
the ohio state university,,The Ohio State,,Match
the ohio state university,,Ohio St Univ,,Match
the ohio state university,,The OSU,,Match
army national guard,,ARNG,,Match
army national guard,,Army Natl Guard,,Match
army national guard,,Army National G,,Match
army national guard,,Army Ntl Guard,,Match
army national guard,,ARN Guard,,Match
army national guard,,Army Ntl G,,Match
army national guard,,U.S. Army National Guard,,Match
bosch,,Bosch Ltd,,Match
bosch,,Robert Bosch GmbH,,Match
bosch,,Bosch Group,,Match
bosch,,Bocsh,,Match
bosch,,Bosc,,Match
bosch,,Bosch Corporation,,Match
bosch,,Boch,,Match
u.s. department of state,,Department of State,,Match
u.s. department of state,,US Dept. of State,,Match
u.s. department of state,,DOS,,Match
u.s. department of state,,State Dept,,Match
u.s. department of state,,U.S. State Dept,,Match
u.s. department of state,,Dept of State,,Match
u.s. department of state,,U.S. Department of State,,Match
ogilvy & mather,,Ogilvy,,Match
ogilvy & mather,,O&M,,Match
ogilvy & mather,,Ogilvy Mather,,Match
ogilvy & mather,,Ogilvy and Mather,,Match
ogilvy & mather,,Ogilvy M.,,Match
ogilvy & mather,,Ogilvey & Mather,,Match
ogilvy & mather,,Og Mather,,Match
gap inc.,,GAP,,Match
gap inc.,,The Gap,,Match
gap inc.,,Gap Incorporated,,Match
gap inc.,,Gap Inc,,Match
gap inc.,,Gap Incorperated,,Match
gap inc.,,Gap INC,,Match
kimberly-clark,,Kimberly Clark,,Match
kimberly-clark,,Kimberly-Clark Corporation,,Match
kimberly-clark,,Kleenex,,Match
kimberly-clark,,Kimbely-Clark,,Match
kimberly-clark,,KimberlyClark,,Match
kimberly-clark,,Kimberly Clark Corp,,Match
kimberly-clark,,K-C,,Match
stanford university,,Stanford,,Match
stanford university,,Stanford Univ,,Match
stanford university,,Stanford University,,Match
stanford university,,Stamford University,,Match
stanford university,,Stanford Unv,,Match
stanford university,,Stanford U,,Match
thermo fisher scientific,,Thermo Fisher,,Match
thermo fisher scientific,,ThermoFisher,,Match
thermo fisher scientific,,Thermo Fisher Scientific Inc,,Match
thermo fisher scientific,,ThermoFisher Scientific,,Match
thermo fisher scientific,,Thermo Fisher Scientific,,Match
thermo fisher scientific,,Thermo Fisher Sci,,Match
thermo fisher scientific,,ThermoFisherSci,,Match
american red cross,,Red Cross,,Match
american red cross,,AMRC,,Match
american red cross,,Amrcan Red Cross,,Match
american red cross,,American RedCross,,Match
american red cross,,Amer Red Cross,,Match
american red cross,,American R. Cross,,Match
american red cross,,AmericanRedCross,,Match
fedex,,FedEx Corporation,,Match
fedex,,Federal Express,,Match
fedex,,FEDEX,,Match
fedex,,Fed Ex,,Match
fedex,,Fedex Corp,,Match
fedex,,FexEx,,Match
fedex,,FEDEX Corp,,Match
alstom,,ALSTOM,,Match
alstom,,Alsthom,,Match
alstom,,Alstom SA,,Match
alstom,,AlstomInc,,Match
alstom,,Alistom,,Match
alstom,,ALSTM,,Match
alstom,,Alston,,Match
novo nordisk,,Novo,,Match
novo nordisk,,Novo Nordisk A/S,,Match
novo nordisk,,NovoNordisk,,Match
novo nordisk,,Nordisk,,Match
novo nordisk,,Novo-Nordisk,,Match
novo nordisk,,NovoNordiskAS,,Match
novo nordisk,,Novo Nordsk,,Match
sun microsystems,,SunMicroSystems,,Match
sun microsystems,,Sun,,Match
sun microsystems,,SunMicros,,Match
sun microsystems,,Sun Microsystems Inc,,Match
sun microsystems,,Sun Microsystems,,Match
sun microsystems,,SUN,,Match
sun microsystems,,Sun Micro,,Match
boston scientific,,BostonSci,,Match
boston scientific,,Boston Scientific Corporation,,Match
boston scientific,,Boston Scntfc,,Match
boston scientific,,BosSci,,Match
boston scientific,,BostonScientific,,Match
boston scientific,,Boston Sci,,Match
boston scientific,,Boston Sci Inc,,Match
travelers,,Travellers,,Match
travelers,,Travelers Corporation,,Match
travelers,,The Travelers Companies,,Match
travelers,,Travleres,,Match
travelers,,Travelrs,,Match
travelers,,Travelers Companies,,Match
travelers,,Travleers,,Match
dxc technology,,DXC,,Match
dxc technology,,DXC Tech,,Match
dxc technology,,DXC Technology Company,,Match
dxc technology,,DXC Technology Co,,Match
dxc technology,,DXC Technology Corporation,,Match
dxc technology,,DXCTech,,Match
dxc technology,,DXC Technlgy,,Match
ge power,,GE Power,,Match
ge power,,GE Powe,,Match
ge power,,G.E. Power,,Match
ge power,,General Electric Power,,Match
ge power,,Ge Power,,Match
ge power,,gepower,,Match
ge power,,GEPower,,Match
aetna,,Aetna,,Match
aetna,,Aetena,,Match
aetna,,Atena,,Match
aetna,,Etna,,Match
aetna,,Aetna Inc.,,Match
aetna,,Aetna Insurance,,Match
aetna,,Aetna Insurance Inc.,,Match
symantec,,Symmantec,,Match
symantec,,Symanetc,,Match
symantec,,Symantec Corporation,,Match
symantec,,Symntec,,Match
symantec,,Symantec Corp.,,Match
symantec,,Symantec Inc.,,Match
symantec,,Symantic,,Match
costco wholesale,,Costco Whole Sale,,Match
costco wholesale,,Costco,,Match
costco wholesale,,Costco Wholesele,,Match
costco wholesale,,Costco Wholesal,,Match
costco wholesale,,Costco Wholesale Corporation,,Match
costco wholesale,,Costco Wholesale Inc.,,Match
costco wholesale,,Cost Co Wholesale,,Match
new york life insurance company,,New York Life Insurance Co.,,Match
new york life insurance company,,NY Life Insurance Company,,Match
new york life insurance company,,New York Life,,Match
new york life insurance company,,NewYork Life Insurance Company,,Match
new york life insurance company,,New York Life Ins. Co.,,Match
new york life insurance company,,N.Y. Life Insurance Company,,Match
new york life insurance company,,New York Life Insurance Co,,Match
university of florida,,University of Fla.,,Match
university of florida,,Univ. of Florida,,Match
university of florida,,UF,,Match
university of florida,,U of Florida,,Match
university of florida,,Univ of Florida,,Match
university of florida,,University of FL,,Match
university of florida,,UFL,,Match
sitel,,Sytel,,Match
sitel,,Sittel,,Match
sitel,,SiteL,,Match
sitel,,Sitel Group,,Match
sitel,,Site LLC,,Match
sitel,,SiTel,,Match
sitel,,Stel,,Match
office depot,,Office Depo,,Match
office depot,,OfficeDepot,,Match
office depot,,Office Dpot,,Match
office depot,,Office De Pot,,Match
office depot,,Office Depot Inc.,,Match
office depot,,Office Supply Depot,,Match
office depot,,Officedepot,,Match
time warner cable,,Time Warner Cable Inc.,,Match
time warner cable,,TimeWarner Cable,,Match
time warner cable,,Time Warner,,Match
time warner cable,,TWC,,Match
time warner cable,,T W Cable,,Match
time warner cable,,Time-Warner Cable,,Match
time warner cable,,TimeWarnerCable,,Match
u.s. house of representatives,,U.S. House of Reps,,Match
u.s. house of representatives,,US House of Representatives,,Match
u.s. house of representatives,,US House,,Match
u.s. house of representatives,,U.S. House,,Match
u.s. house of representatives,,House of Representatives,,Match
u.s. house of representatives,,House of Reps,,Match
u.s. house of representatives,,U.S. HoR,,Match
safeway,,Safe Way,,Match
safeway,,Safeaway,,Match
safeway,,Safe Way Inc.,,Match
safeway,,Safewy,,Match
safeway,,Safeway Inc.,,Match
safeway,,Saeway,,Match
safeway,,Safwa,,Match
amgen,,Amgen Inc.,,Match
amgen,,Amgan,,Match
amgen,,AmGen,,Match
amgen,,Agen,,Match
amgen,,Amgn,,Match
amgen,,AmgenCorp,,Match
amgen,,Am Gen,,Match
the university of texas at austin,,University of Texas at Austin,,Match
the university of texas at austin,,Univ. of Texas at Austin,,Match
the university of texas at austin,,UT Austin,,Match
the university of texas at austin,,The Univ. of Texas at Austin,,Match
the university of texas at austin,,University of TX at Austin,,Match
the university of texas at austin,,U Texas Austin,,Match
the university of texas at austin,,UTexas Austin,,Match
mars,,Mars Inc.,,Match
mars,,MARS,,Match
mars,,Marz,,Match
mars,,Mars Corporation,,Match
mars,,M ARS,,Match
mars,,Marss,,Match
mars,,Mars Co.,,Match
university of illinois at urbana-champaign,,Univ of Illinois at Urbana-Champaign,,Match
university of illinois at urbana-champaign,,U of Illinois Urbana-Champaign,,Match
university of illinois at urbana-champaign,,University of Illinois Urbana-Champaign,,Match
university of illinois at urbana-champaign,,UIUC,,Match
university of illinois at urbana-champaign,,University of IL at Urbana-Champaign,,Match
university of illinois at urbana-champaign,,Illinois at Urbana-Champaign,,Match
university of illinois at urbana-champaign,,Univ Illinois Urbana-Champaign,,Match
aflac,,Aflac Corp.,,Match
aflac,,Aflak,,Match
aflac,,Aflc,,Match
aflac,,Afl ack,,Match
aflac,,Aflac Inc.,,Match
aflac,,Aflacc,,Match
aflac,,Aflax,,Match
ucla,,UCL A,,Match
ucla,,Ucla,,Match
ucla,,U C L A,,Match
ucla,,UC Los Angeles,,Match
ucla,,Univ of California Los Angeles,,Match
ucla,,U of C Los Angeles,,Match
aerotek,,Aerotec,,Match
aerotek,,AeroTek,,Match
aerotek,,Airotek,,Match
aerotek,,Aerotk,,Match
aerotek,,Aerotek Inc.,,Match
aerotek,,Arerotek,,Match
aerotek,,Aerotech,,Match
michigan state university,,Michigan State Univ.,,Match
michigan state university,,MI State University,,Match
michigan state university,,MSU,,Match
michigan state university,,Mich. State Univ.,,Match
michigan state university,,Michigan St. University,,Match
michigan state university,,MichiganStateUniversity,,Match
michigan state university,,Michigan State U.,,Match
